,pm2_5,pm10,no2,o3,co,temperature,humidity
count,1721.0,1721.0,1721.0,1721.0,1721.0,1721.0,1721.0
mean,1.9274026728646136,3.6437129575828004,0.5153166763509588,56.28955258570599,104.8422777454968,10.338930854154562,74.60604299825683
std,2.0863588636927086,3.964042259047226,0.6170509629980768,24.23898871983254,21.90540778341495,14.95862412123684,20.58977643621948
min,0.5,0.5,0.0,0.4,52.02,-28.45,12.0
25%,0.5,0.58,0.07,38.78,92.88,-0.17,65.0
50%,1.08,2.06,0.25,57.26,105.27,12.14,78.0
75%,2.5,5.28,0.72,75.95,118.43,23.77,91.0
max,17.28,18.13,2.8,112.28,162.74,39.23,100.0
